Fold,Accuracy
1,0.8541666666666666
2,0.8958333333333334
3,0.8854166666666666
4,0.875
5,0.8541666666666666
6,0.8958333333333334
7,0.8958333333333334
8,0.9270833333333334
9,0.8947368421052632
10,0.9157894736842105
